bin,prev_true_lo,prev_true_hi,dir_true,dir_rot,n_genes_true,n_genes_rot
0,0.0639,0.102,0.0,0.0,14,4
1,0.102,0.113,0.0,0.0,14,1
8,0.197,0.31,0.0,0.08045977011494253,14,87
9,0.31,1.0,0.0,0.10416666666666667,14,48
