gene,abs_corr_drop
5,0.0032300669954524706
18,0.0023243548460305206
24,0.002323802236274458
39,0.0017958359698626025
42,0.0015045693741211619
