test,metric,versus,n_genes,median_excess,ci_low,ci_high
coef_excess,abs_near,shuffle_within_chrom,18435,0.0033810848800650004,0.0031374592219082145,0.0036076197308423
coef_excess,abs_near,shuffle_across_chrom,18435,0.002118295180202701,0.0018696243129047486,0.002404947323609965
coef_excess,abs_far,shuffle_within_chrom,18435,-0.0004123431363169984,-0.0005883803290570002,-0.0002435689597683
coef_excess,abs_far,shuffle_across_chrom,18435,-0.0016127393535713998,-0.0017915487755903003,-0.0014308058090615062
coef_excess,abs_max,shuffle_within_chrom,18435,0.0039727193874787995,0.0037437429811871016,0.004204083784353
coef_excess,abs_max,shuffle_across_chrom,18435,0.0027316384709725004,0.00246639681739967,0.002991499058273105
