run,med_abs_near,med_abs_far,med_abs_max,med_delta_abs_corr
true,0.014848980484917,0.009368370607508,0.0186356316466923,0.0124631014004759
shuffle_within_chrom,0.0108684548568977,0.0101312095079685,0.0142324944975145,0.0182360844017306
shuffle_across_chrom,0.0125251937442758,0.0114964222071043,0.0158114111849838,0.02031702390282895
