{
  "n_true": 140,
  "n_rotate": 140,
  "spearman_true_all": {
    "rho": 0.13589906190549084,
    "p": 0.10937696829187148,
    "n": 140
  },
  "spearman_rotate_all": {
    "rho": -0.11719839933524308,
    "p": 0.16788396156489477,
    "n": 140
  },
  "spearman_true_directional": {
    "rho": 0.23060908557091764,
    "p": 0.008050080840663613,
    "n": 131
  },
  "spearman_rotate_directional": {
    "rho": -0.09334571657923721,
    "p": 0.2779466760812465,
    "n": 137
  },
  "robust_slope_true": 0.002351448395792648,
  "robust_slope_rotate": -0.0003790075441314863,
  "robust_slope_true_CI": {
    "lo": -0.0001892981432287178,
    "hi": 0.004586518302503798,
    "med": 0.0018757025618759415
  },
  "robust_slope_rotate_CI": {
    "lo": -0.0012686860435170099,
    "hi": 0.00047081481124721785,
    "med": -0.00039288320180034923
  },
  "delta_slope_true_minus_rotate_CI": {
    "lo": -5.951073403891109e-05,
    "hi": 0.005267748576156812,
    "med": 0.0022107840559763827
  }
}