bin,true,rotate,diff
0,0.0,0.061224489795918366,-0.061224489795918366
1,0.0,0.1590909090909091,-0.1590909090909091
2,0.0,0.0425531914893617,-0.0425531914893617
