bin,true,rotate
0,0.0,0.0
1,0.0,0.0
8,0.0,0.08045977011494253
9,0.0,0.10416666666666667
