condition,value
TRUE,0.0
ROTATE,0.018115942028985508
EXCESS,-0.018115942028985508
CI_low,-0.036231884057971016
CI_high,0.0
