cell_line,rho_TRUE,pval_TRUE,n_genes_TRUE,rho_ROTATE,pval_ROTATE,n_genes_ROTATE,rho_diff
ACH-000839,0.11187159694736613,0.18819079607884814,140,-0.06625265137434126,0.43672299238061874,140,0.1781242483217074
ACH-000620,0.11187159694736613,0.18819079607884814,140,-0.06625265137434126,0.43672299238061874,140,0.1781242483217074
ACH-000792,0.11187159694736613,0.18819079607884814,140,-0.06625265137434126,0.43672299238061874,140,0.1781242483217074
ACH-000521,0.11187159694736613,0.18819079607884814,140,-0.06625265137434126,0.43672299238061874,140,0.1781242483217074
ACH-000810,0.11187159694736613,0.18819079607884814,140,-0.06625265137434126,0.43672299238061874,140,0.1781242483217074
